# GeoNames admin1 code	ISO 3166-2 code, or - when the unit has none	reason
# Reviewed by hand. The generator fails on a unit without a code, on an invalid code and on an unused line.
AI.11205389	-	no ISO 3166-2 code: no Wikidata match and no CLDR 48.2 code of this unit (subdivision of a dependent territory, unit outside ISO 3166-2, or reorganized after the ISO list)
AI.11205392	-	no ISO 3166-2 code: no Wikidata match and no CLDR 48.2 code of this unit (subdivision of a dependent territory, unit outside ISO 3166-2, or reorganized after the ISO list)
AI.11205393	-	no ISO 3166-2 code: no Wikidata match and no CLDR 48.2 code of this unit (subdivision of a dependent territory, unit outside ISO 3166-2, or reorganized after the ISO list)
AI.11205396	-	no ISO 3166-2 code: no Wikidata match and no CLDR 48.2 code of this unit (subdivision of a dependent territory, unit outside ISO 3166-2, or reorganized after the ISO list)
AI.11205433	-	no ISO 3166-2 code: no Wikidata match and no CLDR 48.2 code of this unit (subdivision of a dependent territory, unit outside ISO 3166-2, or reorganized after the ISO list)
AI.11205436	-	no ISO 3166-2 code: no Wikidata match and no CLDR 48.2 code of this unit (subdivision of a dependent territory, unit outside ISO 3166-2, or reorganized after the ISO list)
AI.11205437	-	no ISO 3166-2 code: no Wikidata match and no CLDR 48.2 code of this unit (subdivision of a dependent territory, unit outside ISO 3166-2, or reorganized after the ISO list)
AI.11205438	-	no ISO 3166-2 code: no Wikidata match and no CLDR 48.2 code of this unit (subdivision of a dependent territory, unit outside ISO 3166-2, or reorganized after the ISO list)
AI.11205439	-	no ISO 3166-2 code: no Wikidata match and no CLDR 48.2 code of this unit (subdivision of a dependent territory, unit outside ISO 3166-2, or reorganized after the ISO list)
AI.11205440	-	no ISO 3166-2 code: no Wikidata match and no CLDR 48.2 code of this unit (subdivision of a dependent territory, unit outside ISO 3166-2, or reorganized after the ISO list)
AI.11205441	-	no ISO 3166-2 code: no Wikidata match and no CLDR 48.2 code of this unit (subdivision of a dependent territory, unit outside ISO 3166-2, or reorganized after the ISO list)
AI.11205442	-	no ISO 3166-2 code: no Wikidata match and no CLDR 48.2 code of this unit (subdivision of a dependent territory, unit outside ISO 3166-2, or reorganized after the ISO list)
AI.11205443	-	no ISO 3166-2 code: no Wikidata match and no CLDR 48.2 code of this unit (subdivision of a dependent territory, unit outside ISO 3166-2, or reorganized after the ISO list)
AI.11205444	-	no ISO 3166-2 code: no Wikidata match and no CLDR 48.2 code of this unit (subdivision of a dependent territory, unit outside ISO 3166-2, or reorganized after the ISO list)
AO.CBG	-	no ISO 3166-2 code: no Wikidata match and no CLDR 48.2 code of this unit (subdivision of a dependent territory, unit outside ISO 3166-2, or reorganized after the ISO list)
AO.CUB	-	no ISO 3166-2 code: no Wikidata match and no CLDR 48.2 code of this unit (subdivision of a dependent territory, unit outside ISO 3166-2, or reorganized after the ISO list)
AO.ICB	-	no ISO 3166-2 code: no Wikidata match and no CLDR 48.2 code of this unit (subdivision of a dependent territory, unit outside ISO 3166-2, or reorganized after the ISO list)
AO.MLE	-	no ISO 3166-2 code: no Wikidata match and no CLDR 48.2 code of this unit (subdivision of a dependent territory, unit outside ISO 3166-2, or reorganized after the ISO list)
AR.07	AR-C	Autonomous City of Buenos Aires; the Wikidata item with P300 AR-C has another GeoNames id
AS.010	-	no ISO 3166-2 code: no Wikidata match and no CLDR 48.2 code of this unit (subdivision of a dependent territory, unit outside ISO 3166-2, or reorganized after the ISO list)
AS.020	-	no ISO 3166-2 code: no Wikidata match and no CLDR 48.2 code of this unit (subdivision of a dependent territory, unit outside ISO 3166-2, or reorganized after the ISO list)
AS.030	-	no ISO 3166-2 code: no Wikidata match and no CLDR 48.2 code of this unit (subdivision of a dependent territory, unit outside ISO 3166-2, or reorganized after the ISO list)
AS.040	-	no ISO 3166-2 code: no Wikidata match and no CLDR 48.2 code of this unit (subdivision of a dependent territory, unit outside ISO 3166-2, or reorganized after the ISO list)
AS.050	-	no ISO 3166-2 code: no Wikidata match and no CLDR 48.2 code of this unit (subdivision of a dependent territory, unit outside ISO 3166-2, or reorganized after the ISO list)
AX.211	-	no ISO 3166-2 code: no Wikidata match and no CLDR 48.2 code of this unit (subdivision of a dependent territory, unit outside ISO 3166-2, or reorganized after the ISO list)
AX.212	-	no ISO 3166-2 code: no Wikidata match and no CLDR 48.2 code of this unit (subdivision of a dependent territory, unit outside ISO 3166-2, or reorganized after the ISO list)
AX.213	-	no ISO 3166-2 code: no Wikidata match and no CLDR 48.2 code of this unit (subdivision of a dependent territory, unit outside ISO 3166-2, or reorganized after the ISO list)
AZ.30	AZ-LA	Lankaran city; Wikidata merges the city (AZ-LA) and the district (AZ-LAN)
AZ.55	-	no ISO 3166-2 code: no Wikidata match and no CLDR 48.2 code of this unit (subdivision of a dependent territory, unit outside ISO 3166-2, or reorganized after the ISO list)
AZ.56	-	Shusha city; AZ-SUS belongs to the Shusha district (AZ.55), the city has no code of its own in CLDR 48.2
BM.01	-	no ISO 3166-2 code: no Wikidata match and no CLDR 48.2 code of this unit (subdivision of a dependent territory, unit outside ISO 3166-2, or reorganized after the ISO list)
BM.02	-	no ISO 3166-2 code: no Wikidata match and no CLDR 48.2 code of this unit (subdivision of a dependent territory, unit outside ISO 3166-2, or reorganized after the ISO list)
BM.03	-	no ISO 3166-2 code: no Wikidata match and no CLDR 48.2 code of this unit (subdivision of a dependent territory, unit outside ISO 3166-2, or reorganized after the ISO list)
BM.04	-	no ISO 3166-2 code: no Wikidata match and no CLDR 48.2 code of this unit (subdivision of a dependent territory, unit outside ISO 3166-2, or reorganized after the ISO list)
BM.05	-	no ISO 3166-2 code: no Wikidata match and no CLDR 48.2 code of this unit (subdivision of a dependent territory, unit outside ISO 3166-2, or reorganized after the ISO list)
BM.06	-	no ISO 3166-2 code: no Wikidata match and no CLDR 48.2 code of this unit (subdivision of a dependent territory, unit outside ISO 3166-2, or reorganized after the ISO list)
BM.07	-	no ISO 3166-2 code: no Wikidata match and no CLDR 48.2 code of this unit (subdivision of a dependent territory, unit outside ISO 3166-2, or reorganized after the ISO list)
BM.08	-	no ISO 3166-2 code: no Wikidata match and no CLDR 48.2 code of this unit (subdivision of a dependent territory, unit outside ISO 3166-2, or reorganized after the ISO list)
BM.09	-	no ISO 3166-2 code: no Wikidata match and no CLDR 48.2 code of this unit (subdivision of a dependent territory, unit outside ISO 3166-2, or reorganized after the ISO list)
BM.10	-	no ISO 3166-2 code: no Wikidata match and no CLDR 48.2 code of this unit (subdivision of a dependent territory, unit outside ISO 3166-2, or reorganized after the ISO list)
BM.11	-	no ISO 3166-2 code: no Wikidata match and no CLDR 48.2 code of this unit (subdivision of a dependent territory, unit outside ISO 3166-2, or reorganized after the ISO list)
BW.13	BW-FR	City of Francistown (CLDR: Francistown)
CD.04	CD-KE	East Kasai (CLDR: Kasai-Oriental)
CF.19	-	no ISO 3166-2 code: no Wikidata match and no CLDR 48.2 code of this unit (subdivision of a dependent territory, unit outside ISO 3166-2, or reorganized after the ISO list)
CF.20	-	no ISO 3166-2 code: no Wikidata match and no CLDR 48.2 code of this unit (subdivision of a dependent territory, unit outside ISO 3166-2, or reorganized after the ISO list)
CF.21	-	no ISO 3166-2 code: no Wikidata match and no CLDR 48.2 code of this unit (subdivision of a dependent territory, unit outside ISO 3166-2, or reorganized after the ISO list)
CI.93	CI-AB	Abidjan Autonomous District (CLDR: Abidjan)
CK.11695124	-	no ISO 3166-2 code: no Wikidata match and no CLDR 48.2 code of this unit (subdivision of a dependent territory, unit outside ISO 3166-2, or reorganized after the ISO list)
CK.11695126	-	no ISO 3166-2 code: no Wikidata match and no CLDR 48.2 code of this unit (subdivision of a dependent territory, unit outside ISO 3166-2, or reorganized after the ISO list)
CK.11695127	-	no ISO 3166-2 code: no Wikidata match and no CLDR 48.2 code of this unit (subdivision of a dependent territory, unit outside ISO 3166-2, or reorganized after the ISO list)
CK.11695384	-	no ISO 3166-2 code: no Wikidata match and no CLDR 48.2 code of this unit (subdivision of a dependent territory, unit outside ISO 3166-2, or reorganized after the ISO list)
CK.11695385	-	no ISO 3166-2 code: no Wikidata match and no CLDR 48.2 code of this unit (subdivision of a dependent territory, unit outside ISO 3166-2, or reorganized after the ISO list)
CK.11695386	-	no ISO 3166-2 code: no Wikidata match and no CLDR 48.2 code of this unit (subdivision of a dependent territory, unit outside ISO 3166-2, or reorganized after the ISO list)
CK.11695387	-	no ISO 3166-2 code: no Wikidata match and no CLDR 48.2 code of this unit (subdivision of a dependent territory, unit outside ISO 3166-2, or reorganized after the ISO list)
CK.11695388	-	no ISO 3166-2 code: no Wikidata match and no CLDR 48.2 code of this unit (subdivision of a dependent territory, unit outside ISO 3166-2, or reorganized after the ISO list)
CK.11695389	-	no ISO 3166-2 code: no Wikidata match and no CLDR 48.2 code of this unit (subdivision of a dependent territory, unit outside ISO 3166-2, or reorganized after the ISO list)
CK.11695390	-	no ISO 3166-2 code: no Wikidata match and no CLDR 48.2 code of this unit (subdivision of a dependent territory, unit outside ISO 3166-2, or reorganized after the ISO list)
CK.11695425	-	no ISO 3166-2 code: no Wikidata match and no CLDR 48.2 code of this unit (subdivision of a dependent territory, unit outside ISO 3166-2, or reorganized after the ISO list)
CO.34	CO-DC	Bogota Capital District (CLDR: Capital District)
CZ.52	CZ-10	Prague (CLDR: Prague, Hlavni mesto)
DZ.EM	DZ-58	El Menia (CLDR: El Meniaa)
DZ.MG	DZ-57	El Mghair (CLDR: El Meghaier)
ET.55	-	no ISO 3166-2 code: no Wikidata match and no CLDR 48.2 code of this unit (subdivision of a dependent territory, unit outside ISO 3166-2, or reorganized after the ISO list)
ET.56	-	no ISO 3166-2 code: no Wikidata match and no CLDR 48.2 code of this unit (subdivision of a dependent territory, unit outside ISO 3166-2, or reorganized after the ISO list)
ET.SW	ET-SW	South West Ethiopia Peoples (CLDR: Southwest Ethiopia Peoples)
FO.NO	-	no ISO 3166-2 code: no Wikidata match and no CLDR 48.2 code of this unit (subdivision of a dependent territory, unit outside ISO 3166-2, or reorganized after the ISO list)
FO.OS	-	no ISO 3166-2 code: no Wikidata match and no CLDR 48.2 code of this unit (subdivision of a dependent territory, unit outside ISO 3166-2, or reorganized after the ISO list)
FO.SA	-	no ISO 3166-2 code: no Wikidata match and no CLDR 48.2 code of this unit (subdivision of a dependent territory, unit outside ISO 3166-2, or reorganized after the ISO list)
FO.ST	-	no ISO 3166-2 code: no Wikidata match and no CLDR 48.2 code of this unit (subdivision of a dependent territory, unit outside ISO 3166-2, or reorganized after the ISO list)
FO.SU	-	no ISO 3166-2 code: no Wikidata match and no CLDR 48.2 code of this unit (subdivision of a dependent territory, unit outside ISO 3166-2, or reorganized after the ISO list)
FO.VG	-	no ISO 3166-2 code: no Wikidata match and no CLDR 48.2 code of this unit (subdivision of a dependent territory, unit outside ISO 3166-2, or reorganized after the ISO list)
FR.94	-	no ISO 3166-2 code: no Wikidata match and no CLDR 48.2 code of this unit (subdivision of a dependent territory, unit outside ISO 3166-2, or reorganized after the ISO list)
GF.GF	-	no ISO 3166-2 code: no Wikidata match and no CLDR 48.2 code of this unit (subdivision of a dependent territory, unit outside ISO 3166-2, or reorganized after the ISO list)
GG.6417213	-	no ISO 3166-2 code: no Wikidata match and no CLDR 48.2 code of this unit (subdivision of a dependent territory, unit outside ISO 3166-2, or reorganized after the ISO list)
GG.6417214	-	no ISO 3166-2 code: no Wikidata match and no CLDR 48.2 code of this unit (subdivision of a dependent territory, unit outside ISO 3166-2, or reorganized after the ISO list)
GG.6417215	-	no ISO 3166-2 code: no Wikidata match and no CLDR 48.2 code of this unit (subdivision of a dependent territory, unit outside ISO 3166-2, or reorganized after the ISO list)
GG.6417223	-	no ISO 3166-2 code: no Wikidata match and no CLDR 48.2 code of this unit (subdivision of a dependent territory, unit outside ISO 3166-2, or reorganized after the ISO list)
GG.6417224	-	no ISO 3166-2 code: no Wikidata match and no CLDR 48.2 code of this unit (subdivision of a dependent territory, unit outside ISO 3166-2, or reorganized after the ISO list)
GG.6417226	-	no ISO 3166-2 code: no Wikidata match and no CLDR 48.2 code of this unit (subdivision of a dependent territory, unit outside ISO 3166-2, or reorganized after the ISO list)
GG.6417228	-	no ISO 3166-2 code: no Wikidata match and no CLDR 48.2 code of this unit (subdivision of a dependent territory, unit outside ISO 3166-2, or reorganized after the ISO list)
GG.6417229	-	no ISO 3166-2 code: no Wikidata match and no CLDR 48.2 code of this unit (subdivision of a dependent territory, unit outside ISO 3166-2, or reorganized after the ISO list)
GG.6417230	-	no ISO 3166-2 code: no Wikidata match and no CLDR 48.2 code of this unit (subdivision of a dependent territory, unit outside ISO 3166-2, or reorganized after the ISO list)
GG.6417233	-	no ISO 3166-2 code: no Wikidata match and no CLDR 48.2 code of this unit (subdivision of a dependent territory, unit outside ISO 3166-2, or reorganized after the ISO list)
GG.8989934	-	no ISO 3166-2 code: no Wikidata match and no CLDR 48.2 code of this unit (subdivision of a dependent territory, unit outside ISO 3166-2, or reorganized after the ISO list)
GP.GP	-	no ISO 3166-2 code: no Wikidata match and no CLDR 48.2 code of this unit (subdivision of a dependent territory, unit outside ISO 3166-2, or reorganized after the ISO list)
GU.AH	-	no ISO 3166-2 code: no Wikidata match and no CLDR 48.2 code of this unit (subdivision of a dependent territory, unit outside ISO 3166-2, or reorganized after the ISO list)
GU.AN	-	no ISO 3166-2 code: no Wikidata match and no CLDR 48.2 code of this unit (subdivision of a dependent territory, unit outside ISO 3166-2, or reorganized after the ISO list)
GU.AS	-	no ISO 3166-2 code: no Wikidata match and no CLDR 48.2 code of this unit (subdivision of a dependent territory, unit outside ISO 3166-2, or reorganized after the ISO list)
GU.AT	-	no ISO 3166-2 code: no Wikidata match and no CLDR 48.2 code of this unit (subdivision of a dependent territory, unit outside ISO 3166-2, or reorganized after the ISO list)
GU.BA	-	no ISO 3166-2 code: no Wikidata match and no CLDR 48.2 code of this unit (subdivision of a dependent territory, unit outside ISO 3166-2, or reorganized after the ISO list)
GU.CP	-	no ISO 3166-2 code: no Wikidata match and no CLDR 48.2 code of this unit (subdivision of a dependent territory, unit outside ISO 3166-2, or reorganized after the ISO list)
GU.DD	-	no ISO 3166-2 code: no Wikidata match and no CLDR 48.2 code of this unit (subdivision of a dependent territory, unit outside ISO 3166-2, or reorganized after the ISO list)
GU.IN	-	no ISO 3166-2 code: no Wikidata match and no CLDR 48.2 code of this unit (subdivision of a dependent territory, unit outside ISO 3166-2, or reorganized after the ISO list)
GU.MA	-	no ISO 3166-2 code: no Wikidata match and no CLDR 48.2 code of this unit (subdivision of a dependent territory, unit outside ISO 3166-2, or reorganized after the ISO list)
GU.ME	-	no ISO 3166-2 code: no Wikidata match and no CLDR 48.2 code of this unit (subdivision of a dependent territory, unit outside ISO 3166-2, or reorganized after the ISO list)
GU.MT	-	no ISO 3166-2 code: no Wikidata match and no CLDR 48.2 code of this unit (subdivision of a dependent territory, unit outside ISO 3166-2, or reorganized after the ISO list)
GU.PI	-	no ISO 3166-2 code: no Wikidata match and no CLDR 48.2 code of this unit (subdivision of a dependent territory, unit outside ISO 3166-2, or reorganized after the ISO list)
GU.SJ	-	no ISO 3166-2 code: no Wikidata match and no CLDR 48.2 code of this unit (subdivision of a dependent territory, unit outside ISO 3166-2, or reorganized after the ISO list)
GU.SR	-	no ISO 3166-2 code: no Wikidata match and no CLDR 48.2 code of this unit (subdivision of a dependent territory, unit outside ISO 3166-2, or reorganized after the ISO list)
GU.TF	-	no ISO 3166-2 code: no Wikidata match and no CLDR 48.2 code of this unit (subdivision of a dependent territory, unit outside ISO 3166-2, or reorganized after the ISO list)
GU.TM	-	no ISO 3166-2 code: no Wikidata match and no CLDR 48.2 code of this unit (subdivision of a dependent territory, unit outside ISO 3166-2, or reorganized after the ISO list)
GU.UM	-	no ISO 3166-2 code: no Wikidata match and no CLDR 48.2 code of this unit (subdivision of a dependent territory, unit outside ISO 3166-2, or reorganized after the ISO list)
GU.YG	-	no ISO 3166-2 code: no Wikidata match and no CLDR 48.2 code of this unit (subdivision of a dependent territory, unit outside ISO 3166-2, or reorganized after the ISO list)
GU.YN	-	no ISO 3166-2 code: no Wikidata match and no CLDR 48.2 code of this unit (subdivision of a dependent territory, unit outside ISO 3166-2, or reorganized after the ISO list)
HK.HCW	-	no ISO 3166-2 code: no Wikidata match and no CLDR 48.2 code of this unit (subdivision of a dependent territory, unit outside ISO 3166-2, or reorganized after the ISO list)
HK.HEA	-	no ISO 3166-2 code: no Wikidata match and no CLDR 48.2 code of this unit (subdivision of a dependent territory, unit outside ISO 3166-2, or reorganized after the ISO list)
HK.HSO	-	no ISO 3166-2 code: no Wikidata match and no CLDR 48.2 code of this unit (subdivision of a dependent territory, unit outside ISO 3166-2, or reorganized after the ISO list)
HK.HWC	-	no ISO 3166-2 code: no Wikidata match and no CLDR 48.2 code of this unit (subdivision of a dependent territory, unit outside ISO 3166-2, or reorganized after the ISO list)
HK.KKC	-	no ISO 3166-2 code: no Wikidata match and no CLDR 48.2 code of this unit (subdivision of a dependent territory, unit outside ISO 3166-2, or reorganized after the ISO list)
HK.KKT	-	no ISO 3166-2 code: no Wikidata match and no CLDR 48.2 code of this unit (subdivision of a dependent territory, unit outside ISO 3166-2, or reorganized after the ISO list)
HK.KSS	-	no ISO 3166-2 code: no Wikidata match and no CLDR 48.2 code of this unit (subdivision of a dependent territory, unit outside ISO 3166-2, or reorganized after the ISO list)
HK.KWT	-	no ISO 3166-2 code: no Wikidata match and no CLDR 48.2 code of this unit (subdivision of a dependent territory, unit outside ISO 3166-2, or reorganized after the ISO list)
HK.KYT	-	no ISO 3166-2 code: no Wikidata match and no CLDR 48.2 code of this unit (subdivision of a dependent territory, unit outside ISO 3166-2, or reorganized after the ISO list)
HK.NIS	-	no ISO 3166-2 code: no Wikidata match and no CLDR 48.2 code of this unit (subdivision of a dependent territory, unit outside ISO 3166-2, or reorganized after the ISO list)
HK.NKT	-	no ISO 3166-2 code: no Wikidata match and no CLDR 48.2 code of this unit (subdivision of a dependent territory, unit outside ISO 3166-2, or reorganized after the ISO list)
HK.NNO	-	no ISO 3166-2 code: no Wikidata match and no CLDR 48.2 code of this unit (subdivision of a dependent territory, unit outside ISO 3166-2, or reorganized after the ISO list)
HK.NSK	-	no ISO 3166-2 code: no Wikidata match and no CLDR 48.2 code of this unit (subdivision of a dependent territory, unit outside ISO 3166-2, or reorganized after the ISO list)
HK.NST	-	no ISO 3166-2 code: no Wikidata match and no CLDR 48.2 code of this unit (subdivision of a dependent territory, unit outside ISO 3166-2, or reorganized after the ISO list)
HK.NTM	-	no ISO 3166-2 code: no Wikidata match and no CLDR 48.2 code of this unit (subdivision of a dependent territory, unit outside ISO 3166-2, or reorganized after the ISO list)
HK.NTP	-	no ISO 3166-2 code: no Wikidata match and no CLDR 48.2 code of this unit (subdivision of a dependent territory, unit outside ISO 3166-2, or reorganized after the ISO list)
HK.NTW	-	no ISO 3166-2 code: no Wikidata match and no CLDR 48.2 code of this unit (subdivision of a dependent territory, unit outside ISO 3166-2, or reorganized after the ISO list)
HK.NYL	-	no ISO 3166-2 code: no Wikidata match and no CLDR 48.2 code of this unit (subdivision of a dependent territory, unit outside ISO 3166-2, or reorganized after the ISO list)
ID.PD	ID-PD	Southwest Papua (CLDR: Papua Barat Daya)
ID.PE	ID-PE	Highland Papua (CLDR: Papua Pengunungan)
ID.PS	ID-PS	South Papua (CLDR: Papua Selatan)
ID.PT	ID-PT	Central Papua (CLDR: Papua Tengah)
IL.WE	-	no ISO 3166-2 code: no Wikidata match and no CLDR 48.2 code of this unit (subdivision of a dependent territory, unit outside ISO 3166-2, or reorganized after the ISO list)
IM.9782164	-	no ISO 3166-2 code: no Wikidata match and no CLDR 48.2 code of this unit (subdivision of a dependent territory, unit outside ISO 3166-2, or reorganized after the ISO list)
IM.9782165	-	no ISO 3166-2 code: no Wikidata match and no CLDR 48.2 code of this unit (subdivision of a dependent territory, unit outside ISO 3166-2, or reorganized after the ISO list)
IM.9782166	-	no ISO 3166-2 code: no Wikidata match and no CLDR 48.2 code of this unit (subdivision of a dependent territory, unit outside ISO 3166-2, or reorganized after the ISO list)
IM.9782167	-	no ISO 3166-2 code: no Wikidata match and no CLDR 48.2 code of this unit (subdivision of a dependent territory, unit outside ISO 3166-2, or reorganized after the ISO list)
IM.9782168	-	no ISO 3166-2 code: no Wikidata match and no CLDR 48.2 code of this unit (subdivision of a dependent territory, unit outside ISO 3166-2, or reorganized after the ISO list)
IM.9782169	-	no ISO 3166-2 code: no Wikidata match and no CLDR 48.2 code of this unit (subdivision of a dependent territory, unit outside ISO 3166-2, or reorganized after the ISO list)
IM.9782170	-	no ISO 3166-2 code: no Wikidata match and no CLDR 48.2 code of this unit (subdivision of a dependent territory, unit outside ISO 3166-2, or reorganized after the ISO list)
IM.9782171	-	no ISO 3166-2 code: no Wikidata match and no CLDR 48.2 code of this unit (subdivision of a dependent territory, unit outside ISO 3166-2, or reorganized after the ISO list)
IM.9782172	-	no ISO 3166-2 code: no Wikidata match and no CLDR 48.2 code of this unit (subdivision of a dependent territory, unit outside ISO 3166-2, or reorganized after the ISO list)
IM.9782173	-	no ISO 3166-2 code: no Wikidata match and no CLDR 48.2 code of this unit (subdivision of a dependent territory, unit outside ISO 3166-2, or reorganized after the ISO list)
IM.9782176	-	no ISO 3166-2 code: no Wikidata match and no CLDR 48.2 code of this unit (subdivision of a dependent territory, unit outside ISO 3166-2, or reorganized after the ISO list)
IM.9782180	-	no ISO 3166-2 code: no Wikidata match and no CLDR 48.2 code of this unit (subdivision of a dependent territory, unit outside ISO 3166-2, or reorganized after the ISO list)
IM.9782182	-	no ISO 3166-2 code: no Wikidata match and no CLDR 48.2 code of this unit (subdivision of a dependent territory, unit outside ISO 3166-2, or reorganized after the ISO list)
IM.9782183	-	no ISO 3166-2 code: no Wikidata match and no CLDR 48.2 code of this unit (subdivision of a dependent territory, unit outside ISO 3166-2, or reorganized after the ISO list)
IM.9782184	-	no ISO 3166-2 code: no Wikidata match and no CLDR 48.2 code of this unit (subdivision of a dependent territory, unit outside ISO 3166-2, or reorganized after the ISO list)
IM.9782185	-	no ISO 3166-2 code: no Wikidata match and no CLDR 48.2 code of this unit (subdivision of a dependent territory, unit outside ISO 3166-2, or reorganized after the ISO list)
IM.9782186	-	no ISO 3166-2 code: no Wikidata match and no CLDR 48.2 code of this unit (subdivision of a dependent territory, unit outside ISO 3166-2, or reorganized after the ISO list)
IM.9782187	-	no ISO 3166-2 code: no Wikidata match and no CLDR 48.2 code of this unit (subdivision of a dependent territory, unit outside ISO 3166-2, or reorganized after the ISO list)
IM.9782188	-	no ISO 3166-2 code: no Wikidata match and no CLDR 48.2 code of this unit (subdivision of a dependent territory, unit outside ISO 3166-2, or reorganized after the ISO list)
IM.9782189	-	no ISO 3166-2 code: no Wikidata match and no CLDR 48.2 code of this unit (subdivision of a dependent territory, unit outside ISO 3166-2, or reorganized after the ISO list)
IM.9782190	-	no ISO 3166-2 code: no Wikidata match and no CLDR 48.2 code of this unit (subdivision of a dependent territory, unit outside ISO 3166-2, or reorganized after the ISO list)
IM.9782191	-	no ISO 3166-2 code: no Wikidata match and no CLDR 48.2 code of this unit (subdivision of a dependent territory, unit outside ISO 3166-2, or reorganized after the ISO list)
IM.9782192	-	no ISO 3166-2 code: no Wikidata match and no CLDR 48.2 code of this unit (subdivision of a dependent territory, unit outside ISO 3166-2, or reorganized after the ISO list)
IM.9782193	-	no ISO 3166-2 code: no Wikidata match and no CLDR 48.2 code of this unit (subdivision of a dependent territory, unit outside ISO 3166-2, or reorganized after the ISO list)
IQ.19	-	no ISO 3166-2 code: no Wikidata match and no CLDR 48.2 code of this unit (subdivision of a dependent territory, unit outside ISO 3166-2, or reorganized after the ISO list)
JE.3237072	-	no ISO 3166-2 code: no Wikidata match and no CLDR 48.2 code of this unit (subdivision of a dependent territory, unit outside ISO 3166-2, or reorganized after the ISO list)
JE.3237073	-	no ISO 3166-2 code: no Wikidata match and no CLDR 48.2 code of this unit (subdivision of a dependent territory, unit outside ISO 3166-2, or reorganized after the ISO list)
JE.3237200	-	no ISO 3166-2 code: no Wikidata match and no CLDR 48.2 code of this unit (subdivision of a dependent territory, unit outside ISO 3166-2, or reorganized after the ISO list)
JE.3237203	-	no ISO 3166-2 code: no Wikidata match and no CLDR 48.2 code of this unit (subdivision of a dependent territory, unit outside ISO 3166-2, or reorganized after the ISO list)
JE.3237212	-	no ISO 3166-2 code: no Wikidata match and no CLDR 48.2 code of this unit (subdivision of a dependent territory, unit outside ISO 3166-2, or reorganized after the ISO list)
JE.3237214	-	no ISO 3166-2 code: no Wikidata match and no CLDR 48.2 code of this unit (subdivision of a dependent territory, unit outside ISO 3166-2, or reorganized after the ISO list)
JE.3237221	-	no ISO 3166-2 code: no Wikidata match and no CLDR 48.2 code of this unit (subdivision of a dependent territory, unit outside ISO 3166-2, or reorganized after the ISO list)
JE.3237229	-	no ISO 3166-2 code: no Wikidata match and no CLDR 48.2 code of this unit (subdivision of a dependent territory, unit outside ISO 3166-2, or reorganized after the ISO list)
JE.3237497	-	no ISO 3166-2 code: no Wikidata match and no CLDR 48.2 code of this unit (subdivision of a dependent territory, unit outside ISO 3166-2, or reorganized after the ISO list)
JE.3237530	-	no ISO 3166-2 code: no Wikidata match and no CLDR 48.2 code of this unit (subdivision of a dependent territory, unit outside ISO 3166-2, or reorganized after the ISO list)
JE.3237716	-	no ISO 3166-2 code: no Wikidata match and no CLDR 48.2 code of this unit (subdivision of a dependent territory, unit outside ISO 3166-2, or reorganized after the ISO list)
JE.3237864	-	no ISO 3166-2 code: no Wikidata match and no CLDR 48.2 code of this unit (subdivision of a dependent territory, unit outside ISO 3166-2, or reorganized after the ISO list)
KG.10	KG-GO	Osh City (CLDR: Osh)
KP.14	KP-14	Nampo (CLDR: Nampho)
KP.19	KP-15	Kaesong (CLDR: Kaeseong)
KY.10346796	-	no ISO 3166-2 code: no Wikidata match and no CLDR 48.2 code of this unit (subdivision of a dependent territory, unit outside ISO 3166-2, or reorganized after the ISO list)
KY.10375968	-	no ISO 3166-2 code: no Wikidata match and no CLDR 48.2 code of this unit (subdivision of a dependent territory, unit outside ISO 3166-2, or reorganized after the ISO list)
KY.10375969	-	no ISO 3166-2 code: no Wikidata match and no CLDR 48.2 code of this unit (subdivision of a dependent territory, unit outside ISO 3166-2, or reorganized after the ISO list)
KY.10375970	-	no ISO 3166-2 code: no Wikidata match and no CLDR 48.2 code of this unit (subdivision of a dependent territory, unit outside ISO 3166-2, or reorganized after the ISO list)
KY.10375971	-	no ISO 3166-2 code: no Wikidata match and no CLDR 48.2 code of this unit (subdivision of a dependent territory, unit outside ISO 3166-2, or reorganized after the ISO list)
KY.10375972	-	no ISO 3166-2 code: no Wikidata match and no CLDR 48.2 code of this unit (subdivision of a dependent territory, unit outside ISO 3166-2, or reorganized after the ISO list)
KZ.08	-	no ISO 3166-2 code: no Wikidata match and no CLDR 48.2 code of this unit (subdivision of a dependent territory, unit outside ISO 3166-2, or reorganized after the ISO list)
LY.69	LY-BA	Banghazi (CLDR: Benghazi)
MA.01	MA-01	Tanger-Tetouan-Al Hoceima; ISO 3166-2:MA 2019 region codes, CLDR still has the pre-2015 names
MA.03	MA-03	Fes-Meknes; ISO 3166-2:MA 2019 region code
MA.04	MA-04	Rabat-Sale-Kenitra; ISO 3166-2:MA 2019 region code
MA.05	MA-05	Beni Mellal-Khenifra; ISO 3166-2:MA 2019 region code
MA.06	MA-06	Casablanca-Settat; ISO 3166-2:MA 2019 region code
MA.07	MA-07	Marrakesh-Safi; ISO 3166-2:MA 2019 region code
MA.08	MA-08	Draa-Tafilalet; ISO 3166-2:MA 2019 region code
MA.09	MA-09	Souss-Massa; ISO 3166-2:MA 2019 region code
MA.10	MA-10	Guelmim-Oued Noun; ISO 3166-2:MA 2019 region code
MA.11	MA-11	Laayoune-Sakia El Hamra; ISO 3166-2:MA 2019 region code
MA.12	MA-12	Dakhla-Oued Ed-Dahab; ISO 3166-2:MA 2019 region code
MC.00	-	no ISO 3166-2 code: no Wikidata match and no CLDR 48.2 code of this unit (subdivision of a dependent territory, unit outside ISO 3166-2, or reorganized after the ISO list)
MG.11	-	no ISO 3166-2 code: no Wikidata match and no CLDR 48.2 code of this unit (subdivision of a dependent territory, unit outside ISO 3166-2, or reorganized after the ISO list)
MG.12	-	no ISO 3166-2 code: no Wikidata match and no CLDR 48.2 code of this unit (subdivision of a dependent territory, unit outside ISO 3166-2, or reorganized after the ISO list)
MG.13	-	no ISO 3166-2 code: no Wikidata match and no CLDR 48.2 code of this unit (subdivision of a dependent territory, unit outside ISO 3166-2, or reorganized after the ISO list)
MG.14	-	no ISO 3166-2 code: no Wikidata match and no CLDR 48.2 code of this unit (subdivision of a dependent territory, unit outside ISO 3166-2, or reorganized after the ISO list)
MG.21	-	no ISO 3166-2 code: no Wikidata match and no CLDR 48.2 code of this unit (subdivision of a dependent territory, unit outside ISO 3166-2, or reorganized after the ISO list)
MG.22	-	no ISO 3166-2 code: no Wikidata match and no CLDR 48.2 code of this unit (subdivision of a dependent territory, unit outside ISO 3166-2, or reorganized after the ISO list)
MG.24	-	no ISO 3166-2 code: no Wikidata match and no CLDR 48.2 code of this unit (subdivision of a dependent territory, unit outside ISO 3166-2, or reorganized after the ISO list)
MG.25	-	no ISO 3166-2 code: no Wikidata match and no CLDR 48.2 code of this unit (subdivision of a dependent territory, unit outside ISO 3166-2, or reorganized after the ISO list)
MG.26	-	no ISO 3166-2 code: no Wikidata match and no CLDR 48.2 code of this unit (subdivision of a dependent territory, unit outside ISO 3166-2, or reorganized after the ISO list)
MG.27	-	no ISO 3166-2 code: no Wikidata match and no CLDR 48.2 code of this unit (subdivision of a dependent territory, unit outside ISO 3166-2, or reorganized after the ISO list)
MG.31	-	no ISO 3166-2 code: no Wikidata match and no CLDR 48.2 code of this unit (subdivision of a dependent territory, unit outside ISO 3166-2, or reorganized after the ISO list)
MG.32	-	no ISO 3166-2 code: no Wikidata match and no CLDR 48.2 code of this unit (subdivision of a dependent territory, unit outside ISO 3166-2, or reorganized after the ISO list)
MG.33	-	no ISO 3166-2 code: no Wikidata match and no CLDR 48.2 code of this unit (subdivision of a dependent territory, unit outside ISO 3166-2, or reorganized after the ISO list)
MG.41	-	no ISO 3166-2 code: no Wikidata match and no CLDR 48.2 code of this unit (subdivision of a dependent territory, unit outside ISO 3166-2, or reorganized after the ISO list)
MG.42	-	no ISO 3166-2 code: no Wikidata match and no CLDR 48.2 code of this unit (subdivision of a dependent territory, unit outside ISO 3166-2, or reorganized after the ISO list)
MG.43	-	no ISO 3166-2 code: no Wikidata match and no CLDR 48.2 code of this unit (subdivision of a dependent territory, unit outside ISO 3166-2, or reorganized after the ISO list)
MG.44	-	no ISO 3166-2 code: no Wikidata match and no CLDR 48.2 code of this unit (subdivision of a dependent territory, unit outside ISO 3166-2, or reorganized after the ISO list)
MG.51	-	no ISO 3166-2 code: no Wikidata match and no CLDR 48.2 code of this unit (subdivision of a dependent territory, unit outside ISO 3166-2, or reorganized after the ISO list)
MG.52	-	no ISO 3166-2 code: no Wikidata match and no CLDR 48.2 code of this unit (subdivision of a dependent territory, unit outside ISO 3166-2, or reorganized after the ISO list)
MG.53	-	no ISO 3166-2 code: no Wikidata match and no CLDR 48.2 code of this unit (subdivision of a dependent territory, unit outside ISO 3166-2, or reorganized after the ISO list)
MG.54	-	no ISO 3166-2 code: no Wikidata match and no CLDR 48.2 code of this unit (subdivision of a dependent territory, unit outside ISO 3166-2, or reorganized after the ISO list)
MG.71	-	no ISO 3166-2 code: no Wikidata match and no CLDR 48.2 code of this unit (subdivision of a dependent territory, unit outside ISO 3166-2, or reorganized after the ISO list)
MG.72	-	no ISO 3166-2 code: no Wikidata match and no CLDR 48.2 code of this unit (subdivision of a dependent territory, unit outside ISO 3166-2, or reorganized after the ISO list)
MH.007	-	no ISO 3166-2 code: no Wikidata match and no CLDR 48.2 code of this unit (subdivision of a dependent territory, unit outside ISO 3166-2, or reorganized after the ISO list)
MH.060	-	no ISO 3166-2 code: no Wikidata match and no CLDR 48.2 code of this unit (subdivision of a dependent territory, unit outside ISO 3166-2, or reorganized after the ISO list)
MH.070	-	no ISO 3166-2 code: no Wikidata match and no CLDR 48.2 code of this unit (subdivision of a dependent territory, unit outside ISO 3166-2, or reorganized after the ISO list)
MH.073	-	no ISO 3166-2 code: no Wikidata match and no CLDR 48.2 code of this unit (subdivision of a dependent territory, unit outside ISO 3166-2, or reorganized after the ISO list)
MH.100	-	no ISO 3166-2 code: no Wikidata match and no CLDR 48.2 code of this unit (subdivision of a dependent territory, unit outside ISO 3166-2, or reorganized after the ISO list)
MH.130	-	no ISO 3166-2 code: no Wikidata match and no CLDR 48.2 code of this unit (subdivision of a dependent territory, unit outside ISO 3166-2, or reorganized after the ISO list)
MH.190	-	no ISO 3166-2 code: no Wikidata match and no CLDR 48.2 code of this unit (subdivision of a dependent territory, unit outside ISO 3166-2, or reorganized after the ISO list)
MH.360	-	no ISO 3166-2 code: no Wikidata match and no CLDR 48.2 code of this unit (subdivision of a dependent territory, unit outside ISO 3166-2, or reorganized after the ISO list)
MH.385	-	no ISO 3166-2 code: no Wikidata match and no CLDR 48.2 code of this unit (subdivision of a dependent territory, unit outside ISO 3166-2, or reorganized after the ISO list)
MH.400	-	no ISO 3166-2 code: no Wikidata match and no CLDR 48.2 code of this unit (subdivision of a dependent territory, unit outside ISO 3166-2, or reorganized after the ISO list)
MH.410	-	no ISO 3166-2 code: no Wikidata match and no CLDR 48.2 code of this unit (subdivision of a dependent territory, unit outside ISO 3166-2, or reorganized after the ISO list)
MK.F6	-	no ISO 3166-2 code: no Wikidata match and no CLDR 48.2 code of this unit (subdivision of a dependent territory, unit outside ISO 3166-2, or reorganized after the ISO list)
MO.11875154	-	no ISO 3166-2 code: no Wikidata match and no CLDR 48.2 code of this unit (subdivision of a dependent territory, unit outside ISO 3166-2, or reorganized after the ISO list)
MO.11875155	-	no ISO 3166-2 code: no Wikidata match and no CLDR 48.2 code of this unit (subdivision of a dependent territory, unit outside ISO 3166-2, or reorganized after the ISO list)
MO.11875156	-	no ISO 3166-2 code: no Wikidata match and no CLDR 48.2 code of this unit (subdivision of a dependent territory, unit outside ISO 3166-2, or reorganized after the ISO list)
MO.11875157	-	no ISO 3166-2 code: no Wikidata match and no CLDR 48.2 code of this unit (subdivision of a dependent territory, unit outside ISO 3166-2, or reorganized after the ISO list)
MO.11875158	-	no ISO 3166-2 code: no Wikidata match and no CLDR 48.2 code of this unit (subdivision of a dependent territory, unit outside ISO 3166-2, or reorganized after the ISO list)
MO.11875159	-	no ISO 3166-2 code: no Wikidata match and no CLDR 48.2 code of this unit (subdivision of a dependent territory, unit outside ISO 3166-2, or reorganized after the ISO list)
MO.11875160	-	no ISO 3166-2 code: no Wikidata match and no CLDR 48.2 code of this unit (subdivision of a dependent territory, unit outside ISO 3166-2, or reorganized after the ISO list)
MO.11875161	-	no ISO 3166-2 code: no Wikidata match and no CLDR 48.2 code of this unit (subdivision of a dependent territory, unit outside ISO 3166-2, or reorganized after the ISO list)
MP.085	-	no ISO 3166-2 code: no Wikidata match and no CLDR 48.2 code of this unit (subdivision of a dependent territory, unit outside ISO 3166-2, or reorganized after the ISO list)
MP.100	-	no ISO 3166-2 code: no Wikidata match and no CLDR 48.2 code of this unit (subdivision of a dependent territory, unit outside ISO 3166-2, or reorganized after the ISO list)
MP.110	-	no ISO 3166-2 code: no Wikidata match and no CLDR 48.2 code of this unit (subdivision of a dependent territory, unit outside ISO 3166-2, or reorganized after the ISO list)
MP.120	-	no ISO 3166-2 code: no Wikidata match and no CLDR 48.2 code of this unit (subdivision of a dependent territory, unit outside ISO 3166-2, or reorganized after the ISO list)
MQ.MQ	-	no ISO 3166-2 code: no Wikidata match and no CLDR 48.2 code of this unit (subdivision of a dependent territory, unit outside ISO 3166-2, or reorganized after the ISO list)
MR.13	MR-13	Nouakchott West (CLDR: Nouakchott Ouest)
MR.14	MR-14	Nouakchott North (CLDR: Nouakchott Nord)
MS.01	-	no ISO 3166-2 code: no Wikidata match and no CLDR 48.2 code of this unit (subdivision of a dependent territory, unit outside ISO 3166-2, or reorganized after the ISO list)
MS.02	-	no ISO 3166-2 code: no Wikidata match and no CLDR 48.2 code of this unit (subdivision of a dependent territory, unit outside ISO 3166-2, or reorganized after the ISO list)
MS.03	-	no ISO 3166-2 code: no Wikidata match and no CLDR 48.2 code of this unit (subdivision of a dependent territory, unit outside ISO 3166-2, or reorganized after the ISO list)
MZ.11	MZ-MPM	Maputo City (CLDR: Maputo)
NC.01	-	no ISO 3166-2 code: no Wikidata match and no CLDR 48.2 code of this unit (subdivision of a dependent territory, unit outside ISO 3166-2, or reorganized after the ISO list)
NC.02	-	no ISO 3166-2 code: no Wikidata match and no CLDR 48.2 code of this unit (subdivision of a dependent territory, unit outside ISO 3166-2, or reorganized after the ISO list)
NC.03	-	no ISO 3166-2 code: no Wikidata match and no CLDR 48.2 code of this unit (subdivision of a dependent territory, unit outside ISO 3166-2, or reorganized after the ISO list)
NO.01	-	no ISO 3166-2 code: no Wikidata match and no CLDR 48.2 code of this unit (subdivision of a dependent territory, unit outside ISO 3166-2, or reorganized after the ISO list)
NO.04	-	no ISO 3166-2 code: no Wikidata match and no CLDR 48.2 code of this unit (subdivision of a dependent territory, unit outside ISO 3166-2, or reorganized after the ISO list)
NO.05	-	no ISO 3166-2 code: no Wikidata match and no CLDR 48.2 code of this unit (subdivision of a dependent territory, unit outside ISO 3166-2, or reorganized after the ISO list)
NO.13	-	no ISO 3166-2 code: no Wikidata match and no CLDR 48.2 code of this unit (subdivision of a dependent territory, unit outside ISO 3166-2, or reorganized after the ISO list)
NO.17	-	no ISO 3166-2 code: no Wikidata match and no CLDR 48.2 code of this unit (subdivision of a dependent territory, unit outside ISO 3166-2, or reorganized after the ISO list)
NO.18	-	no ISO 3166-2 code: no Wikidata match and no CLDR 48.2 code of this unit (subdivision of a dependent territory, unit outside ISO 3166-2, or reorganized after the ISO list)
NO.20	-	no ISO 3166-2 code: no Wikidata match and no CLDR 48.2 code of this unit (subdivision of a dependent territory, unit outside ISO 3166-2, or reorganized after the ISO list)
NP.1	NP-P1	Koshi Province (CLDR: Province 1)
NP.2	NP-P2	Madhesh Province (CLDR: Province 2)
NP.3	NP-P3	Bagmati Province (CLDR: Province 3)
NP.4	NP-P4	Gandaki Province
NP.5	NP-P5	Lumbini Province (CLDR: Province 5)
NP.6	NP-P6	Karnali Province
NP.7	NP-P7	Sudurpashchim Province (CLDR: Province 7)
PF.01	-	no ISO 3166-2 code: no Wikidata match and no CLDR 48.2 code of this unit (subdivision of a dependent territory, unit outside ISO 3166-2, or reorganized after the ISO list)
PF.02	-	no ISO 3166-2 code: no Wikidata match and no CLDR 48.2 code of this unit (subdivision of a dependent territory, unit outside ISO 3166-2, or reorganized after the ISO list)
PF.03	-	no ISO 3166-2 code: no Wikidata match and no CLDR 48.2 code of this unit (subdivision of a dependent territory, unit outside ISO 3166-2, or reorganized after the ISO list)
PF.04	-	no ISO 3166-2 code: no Wikidata match and no CLDR 48.2 code of this unit (subdivision of a dependent territory, unit outside ISO 3166-2, or reorganized after the ISO list)
PF.05	-	no ISO 3166-2 code: no Wikidata match and no CLDR 48.2 code of this unit (subdivision of a dependent territory, unit outside ISO 3166-2, or reorganized after the ISO list)
PG.20	PG-NCD	National Capital District (CLDR: Port Moresby)
PH.NCR	PH-00	National Capital Region (CLDR: Metro Manila)
PM.97501	-	no ISO 3166-2 code: no Wikidata match and no CLDR 48.2 code of this unit (subdivision of a dependent territory, unit outside ISO 3166-2, or reorganized after the ISO list)
PM.97502	-	no ISO 3166-2 code: no Wikidata match and no CLDR 48.2 code of this unit (subdivision of a dependent territory, unit outside ISO 3166-2, or reorganized after the ISO list)
PR.001	-	no ISO 3166-2 code: no Wikidata match and no CLDR 48.2 code of this unit (subdivision of a dependent territory, unit outside ISO 3166-2, or reorganized after the ISO list)
PR.003	-	no ISO 3166-2 code: no Wikidata match and no CLDR 48.2 code of this unit (subdivision of a dependent territory, unit outside ISO 3166-2, or reorganized after the ISO list)
PR.005	-	no ISO 3166-2 code: no Wikidata match and no CLDR 48.2 code of this unit (subdivision of a dependent territory, unit outside ISO 3166-2, or reorganized after the ISO list)
PR.007	-	no ISO 3166-2 code: no Wikidata match and no CLDR 48.2 code of this unit (subdivision of a dependent territory, unit outside ISO 3166-2, or reorganized after the ISO list)
PR.009	-	no ISO 3166-2 code: no Wikidata match and no CLDR 48.2 code of this unit (subdivision of a dependent territory, unit outside ISO 3166-2, or reorganized after the ISO list)
PR.011	-	no ISO 3166-2 code: no Wikidata match and no CLDR 48.2 code of this unit (subdivision of a dependent territory, unit outside ISO 3166-2, or reorganized after the ISO list)
PR.013	-	no ISO 3166-2 code: no Wikidata match and no CLDR 48.2 code of this unit (subdivision of a dependent territory, unit outside ISO 3166-2, or reorganized after the ISO list)
PR.015	-	no ISO 3166-2 code: no Wikidata match and no CLDR 48.2 code of this unit (subdivision of a dependent territory, unit outside ISO 3166-2, or reorganized after the ISO list)
PR.017	-	no ISO 3166-2 code: no Wikidata match and no CLDR 48.2 code of this unit (subdivision of a dependent territory, unit outside ISO 3166-2, or reorganized after the ISO list)
PR.019	-	no ISO 3166-2 code: no Wikidata match and no CLDR 48.2 code of this unit (subdivision of a dependent territory, unit outside ISO 3166-2, or reorganized after the ISO list)
PR.021	-	no ISO 3166-2 code: no Wikidata match and no CLDR 48.2 code of this unit (subdivision of a dependent territory, unit outside ISO 3166-2, or reorganized after the ISO list)
PR.023	-	no ISO 3166-2 code: no Wikidata match and no CLDR 48.2 code of this unit (subdivision of a dependent territory, unit outside ISO 3166-2, or reorganized after the ISO list)
PR.025	-	no ISO 3166-2 code: no Wikidata match and no CLDR 48.2 code of this unit (subdivision of a dependent territory, unit outside ISO 3166-2, or reorganized after the ISO list)
PR.027	-	no ISO 3166-2 code: no Wikidata match and no CLDR 48.2 code of this unit (subdivision of a dependent territory, unit outside ISO 3166-2, or reorganized after the ISO list)
PR.029	-	no ISO 3166-2 code: no Wikidata match and no CLDR 48.2 code of this unit (subdivision of a dependent territory, unit outside ISO 3166-2, or reorganized after the ISO list)
PR.031	-	no ISO 3166-2 code: no Wikidata match and no CLDR 48.2 code of this unit (subdivision of a dependent territory, unit outside ISO 3166-2, or reorganized after the ISO list)
PR.033	-	no ISO 3166-2 code: no Wikidata match and no CLDR 48.2 code of this unit (subdivision of a dependent territory, unit outside ISO 3166-2, or reorganized after the ISO list)
PR.035	-	no ISO 3166-2 code: no Wikidata match and no CLDR 48.2 code of this unit (subdivision of a dependent territory, unit outside ISO 3166-2, or reorganized after the ISO list)
PR.037	-	no ISO 3166-2 code: no Wikidata match and no CLDR 48.2 code of this unit (subdivision of a dependent territory, unit outside ISO 3166-2, or reorganized after the ISO list)
PR.039	-	no ISO 3166-2 code: no Wikidata match and no CLDR 48.2 code of this unit (subdivision of a dependent territory, unit outside ISO 3166-2, or reorganized after the ISO list)
PR.041	-	no ISO 3166-2 code: no Wikidata match and no CLDR 48.2 code of this unit (subdivision of a dependent territory, unit outside ISO 3166-2, or reorganized after the ISO list)
PR.043	-	no ISO 3166-2 code: no Wikidata match and no CLDR 48.2 code of this unit (subdivision of a dependent territory, unit outside ISO 3166-2, or reorganized after the ISO list)
PR.045	-	no ISO 3166-2 code: no Wikidata match and no CLDR 48.2 code of this unit (subdivision of a dependent territory, unit outside ISO 3166-2, or reorganized after the ISO list)
PR.047	-	no ISO 3166-2 code: no Wikidata match and no CLDR 48.2 code of this unit (subdivision of a dependent territory, unit outside ISO 3166-2, or reorganized after the ISO list)
PR.049	-	no ISO 3166-2 code: no Wikidata match and no CLDR 48.2 code of this unit (subdivision of a dependent territory, unit outside ISO 3166-2, or reorganized after the ISO list)
PR.051	-	no ISO 3166-2 code: no Wikidata match and no CLDR 48.2 code of this unit (subdivision of a dependent territory, unit outside ISO 3166-2, or reorganized after the ISO list)
PR.053	-	no ISO 3166-2 code: no Wikidata match and no CLDR 48.2 code of this unit (subdivision of a dependent territory, unit outside ISO 3166-2, or reorganized after the ISO list)
PR.054	-	no ISO 3166-2 code: no Wikidata match and no CLDR 48.2 code of this unit (subdivision of a dependent territory, unit outside ISO 3166-2, or reorganized after the ISO list)
PR.055	-	no ISO 3166-2 code: no Wikidata match and no CLDR 48.2 code of this unit (subdivision of a dependent territory, unit outside ISO 3166-2, or reorganized after the ISO list)
PR.057	-	no ISO 3166-2 code: no Wikidata match and no CLDR 48.2 code of this unit (subdivision of a dependent territory, unit outside ISO 3166-2, or reorganized after the ISO list)
PR.059	-	no ISO 3166-2 code: no Wikidata match and no CLDR 48.2 code of this unit (subdivision of a dependent territory, unit outside ISO 3166-2, or reorganized after the ISO list)
PR.061	-	no ISO 3166-2 code: no Wikidata match and no CLDR 48.2 code of this unit (subdivision of a dependent territory, unit outside ISO 3166-2, or reorganized after the ISO list)
PR.063	-	no ISO 3166-2 code: no Wikidata match and no CLDR 48.2 code of this unit (subdivision of a dependent territory, unit outside ISO 3166-2, or reorganized after the ISO list)
PR.065	-	no ISO 3166-2 code: no Wikidata match and no CLDR 48.2 code of this unit (subdivision of a dependent territory, unit outside ISO 3166-2, or reorganized after the ISO list)
PR.067	-	no ISO 3166-2 code: no Wikidata match and no CLDR 48.2 code of this unit (subdivision of a dependent territory, unit outside ISO 3166-2, or reorganized after the ISO list)
PR.069	-	no ISO 3166-2 code: no Wikidata match and no CLDR 48.2 code of this unit (subdivision of a dependent territory, unit outside ISO 3166-2, or reorganized after the ISO list)
PR.071	-	no ISO 3166-2 code: no Wikidata match and no CLDR 48.2 code of this unit (subdivision of a dependent territory, unit outside ISO 3166-2, or reorganized after the ISO list)
PR.073	-	no ISO 3166-2 code: no Wikidata match and no CLDR 48.2 code of this unit (subdivision of a dependent territory, unit outside ISO 3166-2, or reorganized after the ISO list)
PR.075	-	no ISO 3166-2 code: no Wikidata match and no CLDR 48.2 code of this unit (subdivision of a dependent territory, unit outside ISO 3166-2, or reorganized after the ISO list)
PR.077	-	no ISO 3166-2 code: no Wikidata match and no CLDR 48.2 code of this unit (subdivision of a dependent territory, unit outside ISO 3166-2, or reorganized after the ISO list)
PR.079	-	no ISO 3166-2 code: no Wikidata match and no CLDR 48.2 code of this unit (subdivision of a dependent territory, unit outside ISO 3166-2, or reorganized after the ISO list)
PR.081	-	no ISO 3166-2 code: no Wikidata match and no CLDR 48.2 code of this unit (subdivision of a dependent territory, unit outside ISO 3166-2, or reorganized after the ISO list)
PR.083	-	no ISO 3166-2 code: no Wikidata match and no CLDR 48.2 code of this unit (subdivision of a dependent territory, unit outside ISO 3166-2, or reorganized after the ISO list)
PR.085	-	no ISO 3166-2 code: no Wikidata match and no CLDR 48.2 code of this unit (subdivision of a dependent territory, unit outside ISO 3166-2, or reorganized after the ISO list)
PR.087	-	no ISO 3166-2 code: no Wikidata match and no CLDR 48.2 code of this unit (subdivision of a dependent territory, unit outside ISO 3166-2, or reorganized after the ISO list)
PR.089	-	no ISO 3166-2 code: no Wikidata match and no CLDR 48.2 code of this unit (subdivision of a dependent territory, unit outside ISO 3166-2, or reorganized after the ISO list)
PR.091	-	no ISO 3166-2 code: no Wikidata match and no CLDR 48.2 code of this unit (subdivision of a dependent territory, unit outside ISO 3166-2, or reorganized after the ISO list)
PR.093	-	no ISO 3166-2 code: no Wikidata match and no CLDR 48.2 code of this unit (subdivision of a dependent territory, unit outside ISO 3166-2, or reorganized after the ISO list)
PR.095	-	no ISO 3166-2 code: no Wikidata match and no CLDR 48.2 code of this unit (subdivision of a dependent territory, unit outside ISO 3166-2, or reorganized after the ISO list)
PR.097	-	no ISO 3166-2 code: no Wikidata match and no CLDR 48.2 code of this unit (subdivision of a dependent territory, unit outside ISO 3166-2, or reorganized after the ISO list)
PR.099	-	no ISO 3166-2 code: no Wikidata match and no CLDR 48.2 code of this unit (subdivision of a dependent territory, unit outside ISO 3166-2, or reorganized after the ISO list)
PR.101	-	no ISO 3166-2 code: no Wikidata match and no CLDR 48.2 code of this unit (subdivision of a dependent territory, unit outside ISO 3166-2, or reorganized after the ISO list)
PR.103	-	no ISO 3166-2 code: no Wikidata match and no CLDR 48.2 code of this unit (subdivision of a dependent territory, unit outside ISO 3166-2, or reorganized after the ISO list)
PR.105	-	no ISO 3166-2 code: no Wikidata match and no CLDR 48.2 code of this unit (subdivision of a dependent territory, unit outside ISO 3166-2, or reorganized after the ISO list)
PR.107	-	no ISO 3166-2 code: no Wikidata match and no CLDR 48.2 code of this unit (subdivision of a dependent territory, unit outside ISO 3166-2, or reorganized after the ISO list)
PR.109	-	no ISO 3166-2 code: no Wikidata match and no CLDR 48.2 code of this unit (subdivision of a dependent territory, unit outside ISO 3166-2, or reorganized after the ISO list)
PR.111	-	no ISO 3166-2 code: no Wikidata match and no CLDR 48.2 code of this unit (subdivision of a dependent territory, unit outside ISO 3166-2, or reorganized after the ISO list)
PR.113	-	no ISO 3166-2 code: no Wikidata match and no CLDR 48.2 code of this unit (subdivision of a dependent territory, unit outside ISO 3166-2, or reorganized after the ISO list)
PR.115	-	no ISO 3166-2 code: no Wikidata match and no CLDR 48.2 code of this unit (subdivision of a dependent territory, unit outside ISO 3166-2, or reorganized after the ISO list)
PR.117	-	no ISO 3166-2 code: no Wikidata match and no CLDR 48.2 code of this unit (subdivision of a dependent territory, unit outside ISO 3166-2, or reorganized after the ISO list)
PR.119	-	no ISO 3166-2 code: no Wikidata match and no CLDR 48.2 code of this unit (subdivision of a dependent territory, unit outside ISO 3166-2, or reorganized after the ISO list)
PR.121	-	no ISO 3166-2 code: no Wikidata match and no CLDR 48.2 code of this unit (subdivision of a dependent territory, unit outside ISO 3166-2, or reorganized after the ISO list)
PR.123	-	no ISO 3166-2 code: no Wikidata match and no CLDR 48.2 code of this unit (subdivision of a dependent territory, unit outside ISO 3166-2, or reorganized after the ISO list)
PR.125	-	no ISO 3166-2 code: no Wikidata match and no CLDR 48.2 code of this unit (subdivision of a dependent territory, unit outside ISO 3166-2, or reorganized after the ISO list)
PR.127	-	no ISO 3166-2 code: no Wikidata match and no CLDR 48.2 code of this unit (subdivision of a dependent territory, unit outside ISO 3166-2, or reorganized after the ISO list)
PR.129	-	no ISO 3166-2 code: no Wikidata match and no CLDR 48.2 code of this unit (subdivision of a dependent territory, unit outside ISO 3166-2, or reorganized after the ISO list)
PR.131	-	no ISO 3166-2 code: no Wikidata match and no CLDR 48.2 code of this unit (subdivision of a dependent territory, unit outside ISO 3166-2, or reorganized after the ISO list)
PR.133	-	no ISO 3166-2 code: no Wikidata match and no CLDR 48.2 code of this unit (subdivision of a dependent territory, unit outside ISO 3166-2, or reorganized after the ISO list)
PR.135	-	no ISO 3166-2 code: no Wikidata match and no CLDR 48.2 code of this unit (subdivision of a dependent territory, unit outside ISO 3166-2, or reorganized after the ISO list)
PR.137	-	no ISO 3166-2 code: no Wikidata match and no CLDR 48.2 code of this unit (subdivision of a dependent territory, unit outside ISO 3166-2, or reorganized after the ISO list)
PR.139	-	no ISO 3166-2 code: no Wikidata match and no CLDR 48.2 code of this unit (subdivision of a dependent territory, unit outside ISO 3166-2, or reorganized after the ISO list)
PR.141	-	no ISO 3166-2 code: no Wikidata match and no CLDR 48.2 code of this unit (subdivision of a dependent territory, unit outside ISO 3166-2, or reorganized after the ISO list)
PR.143	-	no ISO 3166-2 code: no Wikidata match and no CLDR 48.2 code of this unit (subdivision of a dependent territory, unit outside ISO 3166-2, or reorganized after the ISO list)
PR.145	-	no ISO 3166-2 code: no Wikidata match and no CLDR 48.2 code of this unit (subdivision of a dependent territory, unit outside ISO 3166-2, or reorganized after the ISO list)
PR.147	-	no ISO 3166-2 code: no Wikidata match and no CLDR 48.2 code of this unit (subdivision of a dependent territory, unit outside ISO 3166-2, or reorganized after the ISO list)
PR.149	-	no ISO 3166-2 code: no Wikidata match and no CLDR 48.2 code of this unit (subdivision of a dependent territory, unit outside ISO 3166-2, or reorganized after the ISO list)
PR.151	-	no ISO 3166-2 code: no Wikidata match and no CLDR 48.2 code of this unit (subdivision of a dependent territory, unit outside ISO 3166-2, or reorganized after the ISO list)
PR.153	-	no ISO 3166-2 code: no Wikidata match and no CLDR 48.2 code of this unit (subdivision of a dependent territory, unit outside ISO 3166-2, or reorganized after the ISO list)
PS.GZ	-	no ISO 3166-2 code: no Wikidata match and no CLDR 48.2 code of this unit (subdivision of a dependent territory, unit outside ISO 3166-2, or reorganized after the ISO list)
PS.WE	-	no ISO 3166-2 code: no Wikidata match and no CLDR 48.2 code of this unit (subdivision of a dependent territory, unit outside ISO 3166-2, or reorganized after the ISO list)
QA.01	QA-DA	Ad Dawhah (CLDR: Doha)
QA.06	QA-RA	Ar Rayyan (CLDR: Al Rayyan)
QA.14	QA-SH	Al-Shahaniya (CLDR: Ash Shihaniyah)
RE.RE	-	no ISO 3166-2 code: no Wikidata match and no CLDR 48.2 code of this unit (subdivision of a dependent territory, unit outside ISO 3166-2, or reorganized after the ISO list)
RS.SE	-	no ISO 3166-2 code: no Wikidata match and no CLDR 48.2 code of this unit (subdivision of a dependent territory, unit outside ISO 3166-2, or reorganized after the ISO list)
SC.11876017	-	no ISO 3166-2 code: no Wikidata match and no CLDR 48.2 code of this unit (subdivision of a dependent territory, unit outside ISO 3166-2, or reorganized after the ISO list)
SH.03	-	no ISO 3166-2 code: no Wikidata match and no CLDR 48.2 code of this unit (subdivision of a dependent territory, unit outside ISO 3166-2, or reorganized after the ISO list)
SJ.21	-	no ISO 3166-2 code: no Wikidata match and no CLDR 48.2 code of this unit (subdivision of a dependent territory, unit outside ISO 3166-2, or reorganized after the ISO list)
SJ.22	-	no ISO 3166-2 code: no Wikidata match and no CLDR 48.2 code of this unit (subdivision of a dependent territory, unit outside ISO 3166-2, or reorganized after the ISO list)
ST.02	-	no ISO 3166-2 code: no Wikidata match and no CLDR 48.2 code of this unit (subdivision of a dependent territory, unit outside ISO 3166-2, or reorganized after the ISO list)
TF.01	-	no ISO 3166-2 code: no Wikidata match and no CLDR 48.2 code of this unit (subdivision of a dependent territory, unit outside ISO 3166-2, or reorganized after the ISO list)
TF.02	-	no ISO 3166-2 code: no Wikidata match and no CLDR 48.2 code of this unit (subdivision of a dependent territory, unit outside ISO 3166-2, or reorganized after the ISO list)
TF.03	-	no ISO 3166-2 code: no Wikidata match and no CLDR 48.2 code of this unit (subdivision of a dependent territory, unit outside ISO 3166-2, or reorganized after the ISO list)
TF.04	-	no ISO 3166-2 code: no Wikidata match and no CLDR 48.2 code of this unit (subdivision of a dependent territory, unit outside ISO 3166-2, or reorganized after the ISO list)
TF.05	-	no ISO 3166-2 code: no Wikidata match and no CLDR 48.2 code of this unit (subdivision of a dependent territory, unit outside ISO 3166-2, or reorganized after the ISO list)
TK.A	-	no ISO 3166-2 code: no Wikidata match and no CLDR 48.2 code of this unit (subdivision of a dependent territory, unit outside ISO 3166-2, or reorganized after the ISO list)
TK.F	-	no ISO 3166-2 code: no Wikidata match and no CLDR 48.2 code of this unit (subdivision of a dependent territory, unit outside ISO 3166-2, or reorganized after the ISO list)
TK.N	-	no ISO 3166-2 code: no Wikidata match and no CLDR 48.2 code of this unit (subdivision of a dependent territory, unit outside ISO 3166-2, or reorganized after the ISO list)
TW.01	-	no ISO 3166-2 code: no Wikidata match and no CLDR 48.2 code of this unit (subdivision of a dependent territory, unit outside ISO 3166-2, or reorganized after the ISO list)
TW.04	-	no ISO 3166-2 code: no Wikidata match and no CLDR 48.2 code of this unit (subdivision of a dependent territory, unit outside ISO 3166-2, or reorganized after the ISO list)
UA.12	UA-30	Kyiv City (CLDR: Kyiv)
UA.20	UA-40	Sevastopol City (CLDR: Sevastopol)
VI.010	-	no ISO 3166-2 code: no Wikidata match and no CLDR 48.2 code of this unit (subdivision of a dependent territory, unit outside ISO 3166-2, or reorganized after the ISO list)
VI.020	-	no ISO 3166-2 code: no Wikidata match and no CLDR 48.2 code of this unit (subdivision of a dependent territory, unit outside ISO 3166-2, or reorganized after the ISO list)
VI.030	-	no ISO 3166-2 code: no Wikidata match and no CLDR 48.2 code of this unit (subdivision of a dependent territory, unit outside ISO 3166-2, or reorganized after the ISO list)
VN.31	-	no ISO 3166-2 code: no Wikidata match and no CLDR 48.2 code of this unit (subdivision of a dependent territory, unit outside ISO 3166-2, or reorganized after the ISO list)
VN.33	-	no ISO 3166-2 code: no Wikidata match and no CLDR 48.2 code of this unit (subdivision of a dependent territory, unit outside ISO 3166-2, or reorganized after the ISO list)
VN.48	-	no ISO 3166-2 code: no Wikidata match and no CLDR 48.2 code of this unit (subdivision of a dependent territory, unit outside ISO 3166-2, or reorganized after the ISO list)
VN.66	-	no ISO 3166-2 code: no Wikidata match and no CLDR 48.2 code of this unit (subdivision of a dependent territory, unit outside ISO 3166-2, or reorganized after the ISO list)
VN.68	-	no ISO 3166-2 code: no Wikidata match and no CLDR 48.2 code of this unit (subdivision of a dependent territory, unit outside ISO 3166-2, or reorganized after the ISO list)
VN.75	-	no ISO 3166-2 code: no Wikidata match and no CLDR 48.2 code of this unit (subdivision of a dependent territory, unit outside ISO 3166-2, or reorganized after the ISO list)
VN.79	-	no ISO 3166-2 code: no Wikidata match and no CLDR 48.2 code of this unit (subdivision of a dependent territory, unit outside ISO 3166-2, or reorganized after the ISO list)
VN.82	-	no ISO 3166-2 code: no Wikidata match and no CLDR 48.2 code of this unit (subdivision of a dependent territory, unit outside ISO 3166-2, or reorganized after the ISO list)
VN.92	-	no ISO 3166-2 code: no Wikidata match and no CLDR 48.2 code of this unit (subdivision of a dependent territory, unit outside ISO 3166-2, or reorganized after the ISO list)
XK.10096138	-	no ISO 3166-2 code: no Wikidata match and no CLDR 48.2 code of this unit (subdivision of a dependent territory, unit outside ISO 3166-2, or reorganized after the ISO list)
XK.10096859	-	no ISO 3166-2 code: no Wikidata match and no CLDR 48.2 code of this unit (subdivision of a dependent territory, unit outside ISO 3166-2, or reorganized after the ISO list)
XK.10097357	-	no ISO 3166-2 code: no Wikidata match and no CLDR 48.2 code of this unit (subdivision of a dependent territory, unit outside ISO 3166-2, or reorganized after the ISO list)
XK.10097358	-	no ISO 3166-2 code: no Wikidata match and no CLDR 48.2 code of this unit (subdivision of a dependent territory, unit outside ISO 3166-2, or reorganized after the ISO list)
XK.10097359	-	no ISO 3166-2 code: no Wikidata match and no CLDR 48.2 code of this unit (subdivision of a dependent territory, unit outside ISO 3166-2, or reorganized after the ISO list)
XK.10097360	-	no ISO 3166-2 code: no Wikidata match and no CLDR 48.2 code of this unit (subdivision of a dependent territory, unit outside ISO 3166-2, or reorganized after the ISO list)
XK.10097361	-	no ISO 3166-2 code: no Wikidata match and no CLDR 48.2 code of this unit (subdivision of a dependent territory, unit outside ISO 3166-2, or reorganized after the ISO list)
YT.97601	-	no ISO 3166-2 code: no Wikidata match and no CLDR 48.2 code of this unit (subdivision of a dependent territory, unit outside ISO 3166-2, or reorganized after the ISO list)
YT.97602	-	no ISO 3166-2 code: no Wikidata match and no CLDR 48.2 code of this unit (subdivision of a dependent territory, unit outside ISO 3166-2, or reorganized after the ISO list)
YT.97603	-	no ISO 3166-2 code: no Wikidata match and no CLDR 48.2 code of this unit (subdivision of a dependent territory, unit outside ISO 3166-2, or reorganized after the ISO list)
YT.97604	-	no ISO 3166-2 code: no Wikidata match and no CLDR 48.2 code of this unit (subdivision of a dependent territory, unit outside ISO 3166-2, or reorganized after the ISO list)
YT.97605	-	no ISO 3166-2 code: no Wikidata match and no CLDR 48.2 code of this unit (subdivision of a dependent territory, unit outside ISO 3166-2, or reorganized after the ISO list)
YT.97606	-	no ISO 3166-2 code: no Wikidata match and no CLDR 48.2 code of this unit (subdivision of a dependent territory, unit outside ISO 3166-2, or reorganized after the ISO list)
YT.97607	-	no ISO 3166-2 code: no Wikidata match and no CLDR 48.2 code of this unit (subdivision of a dependent territory, unit outside ISO 3166-2, or reorganized after the ISO list)
YT.97608	-	no ISO 3166-2 code: no Wikidata match and no CLDR 48.2 code of this unit (subdivision of a dependent territory, unit outside ISO 3166-2, or reorganized after the ISO list)
YT.97609	-	no ISO 3166-2 code: no Wikidata match and no CLDR 48.2 code of this unit (subdivision of a dependent territory, unit outside ISO 3166-2, or reorganized after the ISO list)
YT.97610	-	no ISO 3166-2 code: no Wikidata match and no CLDR 48.2 code of this unit (subdivision of a dependent territory, unit outside ISO 3166-2, or reorganized after the ISO list)
YT.97611	-	no ISO 3166-2 code: no Wikidata match and no CLDR 48.2 code of this unit (subdivision of a dependent territory, unit outside ISO 3166-2, or reorganized after the ISO list)
YT.97612	-	no ISO 3166-2 code: no Wikidata match and no CLDR 48.2 code of this unit (subdivision of a dependent territory, unit outside ISO 3166-2, or reorganized after the ISO list)
YT.97613	-	no ISO 3166-2 code: no Wikidata match and no CLDR 48.2 code of this unit (subdivision of a dependent territory, unit outside ISO 3166-2, or reorganized after the ISO list)
YT.97614	-	no ISO 3166-2 code: no Wikidata match and no CLDR 48.2 code of this unit (subdivision of a dependent territory, unit outside ISO 3166-2, or reorganized after the ISO list)
YT.97615	-	no ISO 3166-2 code: no Wikidata match and no CLDR 48.2 code of this unit (subdivision of a dependent territory, unit outside ISO 3166-2, or reorganized after the ISO list)
YT.97616	-	no ISO 3166-2 code: no Wikidata match and no CLDR 48.2 code of this unit (subdivision of a dependent territory, unit outside ISO 3166-2, or reorganized after the ISO list)
YT.97617	-	no ISO 3166-2 code: no Wikidata match and no CLDR 48.2 code of this unit (subdivision of a dependent territory, unit outside ISO 3166-2, or reorganized after the ISO list)
